Unnamed: 0,id,cars,cars_data
0,vid_4_1000.jpg,1,"[{'id': 'vid_4_1000.jpg', 'x': 290.83704, 'y': 194.49673, 'conf': 0.6697502136230469}, {'id': 'vid_4_1000.jpg', 'x': 246.29236, 'y': 206.23581, 'conf': 0.27807939052581787}]"
1,vid_4_10000.jpg,1,"[{'id': 'vid_4_10000.jpg', 'x': 23.212906, 'y': 198.54695, 'conf': 0.8771371245384216}]"
2,vid_4_10020.jpg,1,"[{'id': 'vid_4_10020.jpg', 'x': 510.26312, 'y': 185.01588, 'conf': 0.8762151002883911}]"
3,vid_4_10040.jpg,1,"[{'id': 'vid_4_10040.jpg', 'x': 245.88905, 'y': 192.5736, 'conf': 0.8921533823013306}]"
4,vid_4_10060.jpg,1,"[{'id': 'vid_4_10060.jpg', 'x': 34.28957, 'y': 201.24765, 'conf': 0.8843382596969604}]"
5,vid_4_10080.jpg,1,"[{'id': 'vid_4_10080.jpg', 'x': None, 'y': None, 'conf': None}]"
6,vid_4_10100.jpg,1,"[{'id': 'vid_4_10100.jpg', 'x': 448.82767, 'y': 182.8953, 'conf': 0.8683701157569885}]"
7,vid_4_10120.jpg,1,"[{'id': 'vid_4_10120.jpg', 'x': 176.92465, 'y': 193.06744, 'conf': 0.8649497628211975}]"
8,vid_4_10140.jpg,1,"[{'id': 'vid_4_10140.jpg', 'x': 0.106469534, 'y': 202.9886, 'conf': 0.8692969679832458}]"
9,vid_4_10160.jpg,1,"[{'id': 'vid_4_10160.jpg', 'x': None, 'y': None, 'conf': None}]"
10,vid_4_10180.jpg,0,
11,vid_4_1020.jpg,0,
12,vid_4_10200.jpg,0,
13,vid_4_10220.jpg,0,
14,vid_4_10240.jpg,1,"[{'id': 'vid_4_10240.jpg', 'x': None, 'y': None, 'conf': None}]"
15,vid_4_10260.jpg,0,
16,vid_4_10280.jpg,0,
17,vid_4_10300.jpg,0,
18,vid_4_10320.jpg,0,
19,vid_4_10340.jpg,0,
20,vid_4_10360.jpg,0,
21,vid_4_10380.jpg,1,"[{'id': 'vid_4_10380.jpg', 'x': None, 'y': None, 'conf': None}]"
22,vid_4_1040.jpg,0,
23,vid_4_10400.jpg,0,
24,vid_4_10420.jpg,0,
25,vid_4_10440.jpg,0,
26,vid_4_10460.jpg,0,
27,vid_4_10480.jpg,0,
28,vid_4_10500.jpg,0,
29,vid_4_10520.jpg,0,
30,vid_4_10540.jpg,0,
31,vid_4_10560.jpg,0,
32,vid_4_10580.jpg,0,
33,vid_4_1060.jpg,0,
34,vid_4_10600.jpg,0,
35,vid_4_10620.jpg,0,
36,vid_4_10640.jpg,0,
37,vid_4_10660.jpg,0,
38,vid_4_10680.jpg,0,
39,vid_4_10700.jpg,0,
40,vid_4_10720.jpg,0,
41,vid_4_10740.jpg,0,
42,vid_4_10760.jpg,1,"[{'id': 'vid_4_10760.jpg', 'x': 0.13697919, 'y': 205.48828, 'conf': 0.33580145239830017}]"
43,vid_4_10780.jpg,0,
44,vid_4_1080.jpg,0,
45,vid_4_10800.jpg,0,
46,vid_4_10820.jpg,0,
47,vid_4_10840.jpg,0,
48,vid_4_10860.jpg,0,
49,vid_4_10880.jpg,0,
50,vid_4_10900.jpg,0,
51,vid_4_10920.jpg,0,
52,vid_4_10940.jpg,1,"[{'id': 'vid_4_10940.jpg', 'x': None, 'y': None, 'conf': None}]"
53,vid_4_10960.jpg,0,
54,vid_4_10980.jpg,0,
55,vid_4_11000.jpg,0,
56,vid_4_11020.jpg,0,
57,vid_4_11040.jpg,0,
58,vid_4_11060.jpg,0,
59,vid_4_11080.jpg,0,
60,vid_4_11100.jpg,0,
61,vid_4_11120.jpg,0,
62,vid_4_11140.jpg,0,
63,vid_4_11160.jpg,0,
64,vid_4_11180.jpg,0,
65,vid_4_11200.jpg,0,
66,vid_4_11220.jpg,0,
67,vid_4_11240.jpg,0,
68,vid_4_11260.jpg,0,
69,vid_4_11280.jpg,0,
70,vid_4_11300.jpg,0,
71,vid_4_11320.jpg,0,
72,vid_4_11340.jpg,1,"[{'id': 'vid_4_11340.jpg', 'x': None, 'y': None, 'conf': None}]"
73,vid_4_11360.jpg,0,
74,vid_4_11380.jpg,0,
75,vid_4_11400.jpg,0,
76,vid_4_11420.jpg,0,
77,vid_4_11440.jpg,0,
78,vid_4_11460.jpg,0,
79,vid_4_11480.jpg,0,
80,vid_4_11500.jpg,0,
81,vid_4_11520.jpg,0,
82,vid_4_11760.jpg,0,
83,vid_4_11780.jpg,0,
84,vid_4_11800.jpg,0,
85,vid_4_11820.jpg,0,
86,vid_4_11840.jpg,0,
87,vid_4_11860.jpg,0,
88,vid_4_11880.jpg,0,
89,vid_4_11900.jpg,0,
90,vid_4_11920.jpg,0,
91,vid_4_11940.jpg,0,
92,vid_4_11960.jpg,0,
93,vid_4_11980.jpg,0,
94,vid_4_12000.jpg,0,
95,vid_4_12020.jpg,0,
96,vid_4_12040.jpg,0,
97,vid_4_12060.jpg,0,
98,vid_4_12080.jpg,0,
99,vid_4_12100.jpg,0,
100,vid_4_12120.jpg,0,
101,vid_4_12140.jpg,0,
102,vid_4_12160.jpg,0,
103,vid_4_12180.jpg,0,
104,vid_4_12200.jpg,1,"[{'id': 'vid_4_12200.jpg', 'x': 474.44147, 'y': 183.49362, 'conf': 0.8157268762588501}, {'id': 'vid_4_12200.jpg', 'x': 435.84613, 'y': 182.28032, 'conf': 0.5404531359672546}]"
105,vid_4_12220.jpg,1,"[{'id': 'vid_4_12220.jpg', 'x': 401.95496, 'y': 184.46983, 'conf': 0.7013234496116638}, {'id': 'vid_4_12220.jpg', 'x': 391.3975, 'y': 182.67886, 'conf': 0.38963782787323}]"
106,vid_4_12240.jpg,0,
107,vid_4_12260.jpg,0,
108,vid_4_12280.jpg,0,
109,vid_4_12300.jpg,0,
110,vid_4_12320.jpg,0,
111,vid_4_12340.jpg,0,
112,vid_4_12360.jpg,1,"[{'id': 'vid_4_12360.jpg', 'x': 0.16171893, 'y': 198.24762, 'conf': 0.6425414681434631}, {'id': 'vid_4_12360.jpg', 'x': 104.77733, 'y': 202.97382, 'conf': 0.2734115421772003}]"
113,vid_4_12380.jpg,0,
114,vid_4_12400.jpg,0,
115,vid_4_12420.jpg,0,
116,vid_4_12440.jpg,0,
117,vid_4_12460.jpg,0,
118,vid_4_12480.jpg,0,
119,vid_4_12500.jpg,0,
120,vid_4_12520.jpg,0,
121,vid_4_12540.jpg,0,
122,vid_4_12560.jpg,0,
123,vid_4_12580.jpg,0,
124,vid_4_12600.jpg,1,"[{'id': 'vid_4_12600.jpg', 'x': None, 'y': None, 'conf': None}]"
125,vid_4_12620.jpg,0,
126,vid_4_12640.jpg,0,
127,vid_4_12660.jpg,0,
128,vid_4_12680.jpg,0,
129,vid_4_12700.jpg,0,
130,vid_4_12720.jpg,0,
131,vid_4_12740.jpg,0,
132,vid_4_12760.jpg,0,
133,vid_4_12780.jpg,0,
134,vid_4_12800.jpg,0,
135,vid_4_12820.jpg,0,
136,vid_4_12840.jpg,0,
137,vid_4_12860.jpg,0,
138,vid_4_12880.jpg,0,
139,vid_4_12900.jpg,0,
140,vid_4_13020.jpg,0,
141,vid_4_13040.jpg,0,
142,vid_4_13060.jpg,0,
143,vid_4_13080.jpg,0,
144,vid_4_13100.jpg,0,
145,vid_4_13120.jpg,1,"[{'id': 'vid_4_13120.jpg', 'x': None, 'y': None, 'conf': None}]"
146,vid_4_13240.jpg,0,
147,vid_4_13260.jpg,0,
148,vid_4_13280.jpg,0,
149,vid_4_13300.jpg,0,
150,vid_4_13320.jpg,0,
151,vid_4_13420.jpg,1,"[{'id': 'vid_4_13420.jpg', 'x': None, 'y': None, 'conf': None}]"
152,vid_4_13440.jpg,0,
153,vid_4_13460.jpg,0,
154,vid_4_13480.jpg,1,"[{'id': 'vid_4_13480.jpg', 'x': None, 'y': None, 'conf': None}]"
155,vid_4_13540.jpg,0,
156,vid_4_13580.jpg,0,
157,vid_4_13620.jpg,0,
158,vid_4_13640.jpg,0,
159,vid_4_13660.jpg,0,
160,vid_4_13680.jpg,0,
161,vid_4_13700.jpg,0,
162,vid_4_13720.jpg,0,
163,vid_4_13740.jpg,0,
164,vid_4_13760.jpg,1,"[{'id': 'vid_4_13760.jpg', 'x': 616.43243, 'y': 165.9197, 'conf': 0.7642098665237427}, {'id': 'vid_4_13760.jpg', 'x': 128.0423, 'y': 190.92766, 'conf': 0.6810907125473022}]"
165,vid_4_13780.jpg,0,
166,vid_4_13800.jpg,0,
167,vid_4_13820.jpg,0,
168,vid_4_13840.jpg,0,
169,vid_4_13860.jpg,0,
170,vid_4_13880.jpg,0,
171,vid_4_13900.jpg,0,
172,vid_4_13920.jpg,0,
173,vid_4_13940.jpg,0,
174,vid_4_13960.jpg,0,
175,vid_4_13980.jpg,0,
176,vid_4_14040.jpg,0,
177,vid_4_14060.jpg,0,
178,vid_4_14080.jpg,0,
179,vid_4_14100.jpg,0,
180,vid_4_14120.jpg,0,
181,vid_4_14140.jpg,0,
182,vid_4_14160.jpg,0,
183,vid_4_14180.jpg,0,
184,vid_4_14200.jpg,0,
185,vid_4_14220.jpg,0,
186,vid_4_14240.jpg,1,"[{'id': 'vid_4_14240.jpg', 'x': None, 'y': None, 'conf': None}]"
187,vid_4_14260.jpg,0,
188,vid_4_14280.jpg,0,
189,vid_4_14300.jpg,0,
190,vid_4_14320.jpg,0,
191,vid_4_14340.jpg,0,
192,vid_4_14360.jpg,0,
193,vid_4_14380.jpg,1,"[{'id': 'vid_4_14380.jpg', 'x': 140.36086, 'y': 192.59758, 'conf': 0.8470555543899536}]"
194,vid_4_14400.jpg,0,
195,vid_4_14420.jpg,0,
196,vid_4_14440.jpg,0,
197,vid_4_14460.jpg,0,
198,vid_4_14480.jpg,0,
199,vid_4_14500.jpg,0,
200,vid_4_14520.jpg,0,
201,vid_4_14540.jpg,1,"[{'id': 'vid_4_14540.jpg', 'x': None, 'y': None, 'conf': None}]"
202,vid_4_14560.jpg,0,
203,vid_4_14580.jpg,0,
204,vid_4_14600.jpg,0,
205,vid_4_14620.jpg,0,
206,vid_4_14640.jpg,0,
207,vid_4_14660.jpg,0,
208,vid_4_14680.jpg,0,
209,vid_4_14700.jpg,0,
210,vid_4_14720.jpg,0,
211,vid_4_14740.jpg,0,
212,vid_4_14760.jpg,0,
213,vid_4_14780.jpg,0,
214,vid_4_14800.jpg,0,
215,vid_4_14820.jpg,0,
216,vid_4_14840.jpg,0,
217,vid_4_14860.jpg,0,
218,vid_4_14880.jpg,0,
219,vid_4_14900.jpg,0,
220,vid_4_14920.jpg,0,
221,vid_4_14940.jpg,0,
222,vid_4_14960.jpg,1,"[{'id': 'vid_4_14960.jpg', 'x': None, 'y': None, 'conf': None}]"
223,vid_4_14980.jpg,0,
224,vid_4_15000.jpg,0,
225,vid_4_15020.jpg,0,
226,vid_4_15040.jpg,0,
227,vid_4_15060.jpg,1,"[{'id': 'vid_4_15060.jpg', 'x': None, 'y': None, 'conf': None}]"
228,vid_4_15080.jpg,0,
229,vid_4_15100.jpg,0,
230,vid_4_15120.jpg,0,
231,vid_4_15140.jpg,0,
232,vid_4_15160.jpg,0,
233,vid_4_15180.jpg,0,
234,vid_4_1520.jpg,0,
235,vid_4_15200.jpg,0,
236,vid_4_15220.jpg,0,
237,vid_4_1540.jpg,0,
238,vid_4_1560.jpg,0,
239,vid_4_1580.jpg,1,"[{'id': 'vid_4_1580.jpg', 'x': None, 'y': None, 'conf': None}]"
240,vid_4_1600.jpg,0,
241,vid_4_16000.jpg,0,
242,vid_4_16020.jpg,0,
243,vid_4_16040.jpg,0,
244,vid_4_16060.jpg,0,
245,vid_4_16080.jpg,0,
246,vid_4_16100.jpg,0,
247,vid_4_16120.jpg,0,
248,vid_4_16140.jpg,1,"[{'id': 'vid_4_16140.jpg', 'x': 297.61673, 'y': 194.9462, 'conf': 0.8792406916618347}]"
249,vid_4_16160.jpg,0,
250,vid_4_16180.jpg,0,
251,vid_4_1620.jpg,0,
252,vid_4_16200.jpg,0,
253,vid_4_16220.jpg,0,
254,vid_4_16240.jpg,0,
255,vid_4_16260.jpg,0,
256,vid_4_16280.jpg,0,
257,vid_4_16300.jpg,0,
258,vid_4_16320.jpg,0,
259,vid_4_1640.jpg,0,
260,vid_4_16400.jpg,0,
261,vid_4_16420.jpg,0,
262,vid_4_16440.jpg,0,
263,vid_4_16460.jpg,0,
264,vid_4_16480.jpg,0,
265,vid_4_16500.jpg,0,
266,vid_4_16520.jpg,0,
267,vid_4_16540.jpg,0,
268,vid_4_16560.jpg,0,
269,vid_4_16580.jpg,0,
270,vid_4_1660.jpg,0,
271,vid_4_16600.jpg,0,
272,vid_4_16620.jpg,1,"[{'id': 'vid_4_16620.jpg', 'x': 277.43484, 'y': 198.60982, 'conf': 0.45745915174484253}, {'id': 'vid_4_16620.jpg', 'x': 388.2052, 'y': 189.03078, 'conf': 0.2807313799858093}, {'id': 'vid_4_16620.jpg', 'x': 358.78943, 'y': 192.46455, 'conf': 0.270746648311615}]"
273,vid_4_16640.jpg,0,
274,vid_4_16660.jpg,0,
275,vid_4_16680.jpg,0,
276,vid_4_16700.jpg,0,
277,vid_4_16720.jpg,0,
278,vid_4_16740.jpg,0,
279,vid_4_16760.jpg,0,
280,vid_4_16780.jpg,0,
281,vid_4_16800.jpg,0,
282,vid_4_16820.jpg,0,
283,vid_4_16900.jpg,0,
284,vid_4_16920.jpg,0,
285,vid_4_16940.jpg,0,
286,vid_4_16960.jpg,0,
287,vid_4_16980.jpg,0,
288,vid_4_1700.jpg,0,
289,vid_4_17000.jpg,0,
290,vid_4_17020.jpg,0,
291,vid_4_17040.jpg,0,
292,vid_4_17060.jpg,0,
293,vid_4_17080.jpg,0,
294,vid_4_17100.jpg,0,
295,vid_4_17120.jpg,0,
296,vid_4_17140.jpg,0,
297,vid_4_17160.jpg,0,
298,vid_4_17180.jpg,0,
299,vid_4_17200.jpg,0,
300,vid_4_17220.jpg,0,
301,vid_4_17240.jpg,0,
302,vid_4_17260.jpg,0,
303,vid_4_17280.jpg,1,"[{'id': 'vid_4_17280.jpg', 'x': None, 'y': None, 'conf': None}]"
304,vid_4_17300.jpg,0,
305,vid_4_17320.jpg,0,
306,vid_4_17340.jpg,0,
307,vid_4_17360.jpg,0,
308,vid_4_17380.jpg,0,
309,vid_4_1740.jpg,0,
310,vid_4_17400.jpg,0,
311,vid_4_17420.jpg,0,
312,vid_4_17440.jpg,0,
313,vid_4_17460.jpg,0,
314,vid_4_17480.jpg,0,
315,vid_4_17500.jpg,0,
316,vid_4_17520.jpg,1,"[{'id': 'vid_4_17520.jpg', 'x': 637.46326, 'y': 186.6282, 'conf': 0.5892583727836609}, {'id': 'vid_4_17520.jpg', 'x': 374.89706, 'y': 202.70169, 'conf': 0.5298871994018555}]"
317,vid_4_17540.jpg,0,
318,vid_4_17560.jpg,0,
319,vid_4_17580.jpg,0,
320,vid_4_1760.jpg,0,
321,vid_4_17600.jpg,0,
322,vid_4_17620.jpg,0,
323,vid_4_17640.jpg,0,
324,vid_4_17660.jpg,0,
325,vid_4_17680.jpg,0,
326,vid_4_17700.jpg,0,
327,vid_4_17720.jpg,0,
328,vid_4_17740.jpg,0,
329,vid_4_17760.jpg,0,
330,vid_4_17780.jpg,0,
331,vid_4_1780.jpg,0,
332,vid_4_17800.jpg,0,
333,vid_4_17820.jpg,0,
334,vid_4_17840.jpg,0,
335,vid_4_17860.jpg,0,
336,vid_4_17880.jpg,0,
337,vid_4_17900.jpg,0,
338,vid_4_17920.jpg,0,
339,vid_4_17940.jpg,0,
340,vid_4_17960.jpg,0,
341,vid_4_17980.jpg,0,
342,vid_4_1800.jpg,0,
343,vid_4_18000.jpg,1,"[{'id': 'vid_4_18000.jpg', 'x': 410.66034, 'y': 192.2598, 'conf': 0.2816731631755829}]"
344,vid_4_18080.jpg,0,
345,vid_4_18100.jpg,0,
346,vid_4_18120.jpg,0,
347,vid_4_18140.jpg,0,
348,vid_4_18160.jpg,0,
349,vid_4_18180.jpg,0,
350,vid_4_1820.jpg,0,
351,vid_4_18200.jpg,0,
352,vid_4_18220.jpg,0,
353,vid_4_18240.jpg,0,
354,vid_4_18260.jpg,0,
355,vid_4_18280.jpg,0,
356,vid_4_18300.jpg,0,
357,vid_4_18320.jpg,0,
358,vid_4_18340.jpg,0,
359,vid_4_18360.jpg,0,
360,vid_4_18380.jpg,0,
361,vid_4_1840.jpg,0,
362,vid_4_18400.jpg,0,
363,vid_4_18420.jpg,0,
364,vid_4_18440.jpg,0,
365,vid_4_1860.jpg,0,
366,vid_4_18640.jpg,0,
367,vid_4_18660.jpg,0,
368,vid_4_18680.jpg,0,
369,vid_4_18700.jpg,0,
370,vid_4_18720.jpg,0,
371,vid_4_18740.jpg,0,
372,vid_4_18760.jpg,0,
373,vid_4_18780.jpg,0,
374,vid_4_1880.jpg,1,"[{'id': 'vid_4_1880.jpg', 'x': 166.32527, 'y': 200.83298, 'conf': 0.8848169445991516}, {'id': 'vid_4_1880.jpg', 'x': 580.62274, 'y': 180.08978, 'conf': 0.872946560382843}, {'id': 'vid_4_1880.jpg', 'x': 533.7533, 'y': 189.03433, 'conf': 0.6958009600639343}, {'id': 'vid_4_1880.jpg', 'x': 0.0, 'y': 201.64459, 'conf': 0.6594328284263611}, {'id': 'vid_4_1880.jpg', 'x': 529.3299, 'y': 189.02992, 'conf': 0.4941141903400421}]"
375,vid_4_18800.jpg,0,
376,vid_4_18820.jpg,0,
377,vid_4_18840.jpg,0,
378,vid_4_18860.jpg,0,
379,vid_4_18880.jpg,0,
380,vid_4_18900.jpg,0,
381,vid_4_18920.jpg,0,
382,vid_4_18940.jpg,0,
383,vid_4_18960.jpg,0,
384,vid_4_18980.jpg,0,
385,vid_4_1900.jpg,0,
386,vid_4_19000.jpg,0,
387,vid_4_19020.jpg,0,
388,vid_4_19040.jpg,0,
389,vid_4_19060.jpg,0,
390,vid_4_19080.jpg,0,
391,vid_4_19100.jpg,0,
392,vid_4_19120.jpg,1,"[{'id': 'vid_4_19120.jpg', 'x': None, 'y': None, 'conf': None}]"
393,vid_4_19140.jpg,0,
394,vid_4_19160.jpg,0,
395,vid_4_19180.jpg,0,
396,vid_4_1920.jpg,0,
397,vid_4_19200.jpg,0,
398,vid_4_19220.jpg,0,
399,vid_4_19240.jpg,0,
400,vid_4_19260.jpg,0,
401,vid_4_19280.jpg,0,
402,vid_4_19300.jpg,0,
403,vid_4_19320.jpg,0,
404,vid_4_19340.jpg,1,"[{'id': 'vid_4_19340.jpg', 'x': None, 'y': None, 'conf': None}]"
405,vid_4_19360.jpg,0,
406,vid_4_19380.jpg,0,
407,vid_4_1940.jpg,0,
408,vid_4_19400.jpg,0,
409,vid_4_19420.jpg,0,
410,vid_4_19440.jpg,0,
411,vid_4_19460.jpg,0,
412,vid_4_19480.jpg,0,
413,vid_4_19500.jpg,0,
414,vid_4_19520.jpg,0,
415,vid_4_19540.jpg,1,"[{'id': 'vid_4_19540.jpg', 'x': None, 'y': None, 'conf': None}]"
416,vid_4_19560.jpg,0,
417,vid_4_19580.jpg,0,
418,vid_4_1960.jpg,0,
419,vid_4_19600.jpg,0,
420,vid_4_19620.jpg,0,
421,vid_4_19640.jpg,0,
422,vid_4_19660.jpg,0,
423,vid_4_19680.jpg,0,
424,vid_4_19700.jpg,0,
425,vid_4_19720.jpg,0,
426,vid_4_19740.jpg,0,
427,vid_4_19760.jpg,0,
428,vid_4_19780.jpg,1,"[{'id': 'vid_4_19780.jpg', 'x': 91.65321, 'y': 195.90343, 'conf': 0.879096508026123}]"
429,vid_4_1980.jpg,0,
430,vid_4_19800.jpg,0,
431,vid_4_19820.jpg,0,
432,vid_4_19840.jpg,0,
433,vid_4_19860.jpg,0,
434,vid_4_19880.jpg,0,
435,vid_4_19900.jpg,0,
436,vid_4_19920.jpg,0,
437,vid_4_19940.jpg,0,
438,vid_4_19960.jpg,0,
439,vid_4_19980.jpg,1,"[{'id': 'vid_4_19980.jpg', 'x': None, 'y': None, 'conf': None}]"
440,vid_4_2000.jpg,0,
441,vid_4_20000.jpg,0,
442,vid_4_20020.jpg,0,
443,vid_4_20040.jpg,0,
444,vid_4_20060.jpg,0,
445,vid_4_20080.jpg,1,"[{'id': 'vid_4_20080.jpg', 'x': None, 'y': None, 'conf': None}]"
446,vid_4_20100.jpg,0,
447,vid_4_20120.jpg,0,
448,vid_4_20140.jpg,0,
449,vid_4_2020.jpg,0,
450,vid_4_20240.jpg,0,
451,vid_4_20260.jpg,0,
452,vid_4_20280.jpg,0,
453,vid_4_20300.jpg,0,
454,vid_4_20320.jpg,0,
455,vid_4_2040.jpg,0,
456,vid_4_20440.jpg,1,"[{'id': 'vid_4_20440.jpg', 'x': None, 'y': None, 'conf': None}]"
457,vid_4_20460.jpg,0,
458,vid_4_20480.jpg,0,
459,vid_4_20500.jpg,0,
460,vid_4_20520.jpg,0,
461,vid_4_20540.jpg,0,
462,vid_4_20560.jpg,0,
463,vid_4_20580.jpg,0,
464,vid_4_2060.jpg,0,
465,vid_4_20780.jpg,0,
466,vid_4_2080.jpg,1,"[{'id': 'vid_4_2080.jpg', 'x': 604.6641, 'y': 182.23605, 'conf': 0.8724096417427063}, {'id': 'vid_4_2080.jpg', 'x': 296.16208, 'y': 194.69162, 'conf': 0.7874081134796143}, {'id': 'vid_4_2080.jpg', 'x': 0.038942933, 'y': 204.49313, 'conf': 0.7275452017784119}, {'id': 'vid_4_2080.jpg', 'x': 24.959974, 'y': 201.10048, 'conf': 0.600358247756958}, {'id': 'vid_4_2080.jpg', 'x': 46.61052, 'y': 201.08917, 'conf': 0.4359227418899536}]"
467,vid_4_20800.jpg,0,
468,vid_4_20820.jpg,0,
469,vid_4_20840.jpg,0,
470,vid_4_20860.jpg,0,
471,vid_4_20880.jpg,0,
472,vid_4_20900.jpg,0,
473,vid_4_20920.jpg,1,"[{'id': 'vid_4_20920.jpg', 'x': None, 'y': None, 'conf': None}]"
474,vid_4_20940.jpg,0,
475,vid_4_20960.jpg,0,
476,vid_4_20980.jpg,0,
477,vid_4_2100.jpg,0,
478,vid_4_21000.jpg,0,
479,vid_4_21020.jpg,0,
480,vid_4_21040.jpg,0,
481,vid_4_21060.jpg,0,
482,vid_4_21080.jpg,0,
483,vid_4_21100.jpg,1,"[{'id': 'vid_4_21100.jpg', 'x': None, 'y': None, 'conf': None}]"
484,vid_4_21120.jpg,0,
485,vid_4_21140.jpg,0,
486,vid_4_21160.jpg,0,
487,vid_4_21180.jpg,0,
488,vid_4_2120.jpg,0,
489,vid_4_21200.jpg,0,
490,vid_4_21220.jpg,0,
491,vid_4_21240.jpg,0,
492,vid_4_21260.jpg,0,
493,vid_4_21280.jpg,0,
494,vid_4_21300.jpg,0,
495,vid_4_21320.jpg,1,"[{'id': 'vid_4_21320.jpg', 'x': 103.005035, 'y': 201.59143, 'conf': 0.8997035026550293}]"
496,vid_4_21340.jpg,0,
497,vid_4_21360.jpg,0,
498,vid_4_21380.jpg,0,
499,vid_4_2140.jpg,0,
500,vid_4_21400.jpg,0,
501,vid_4_21420.jpg,0,
502,vid_4_21440.jpg,0,
503,vid_4_21460.jpg,0,
504,vid_4_21480.jpg,0,
505,vid_4_21500.jpg,1,"[{'id': 'vid_4_21500.jpg', 'x': 12.052216, 'y': 205.58899, 'conf': 0.8868170976638794}, {'id': 'vid_4_21500.jpg', 'x': 301.75742, 'y': 187.43437, 'conf': 0.8676266074180603}]"
506,vid_4_21520.jpg,0,
507,vid_4_21540.jpg,0,
508,vid_4_21560.jpg,1,"[{'id': 'vid_4_21560.jpg', 'x': 526.6617, 'y': 177.81226, 'conf': 0.8667925596237183}, {'id': 'vid_4_21560.jpg', 'x': 385.65027, 'y': 191.90933, 'conf': 0.823226809501648}]"
509,vid_4_21580.jpg,0,
510,vid_4_2160.jpg,0,
511,vid_4_21600.jpg,0,
512,vid_4_21620.jpg,0,
513,vid_4_21640.jpg,1,"[{'id': 'vid_4_21640.jpg', 'x': 83.61117, 'y': 203.68976, 'conf': 0.8887754082679749}, {'id': 'vid_4_21640.jpg', 'x': 426.99582, 'y': 182.28008, 'conf': 0.7149413824081421}]"
514,vid_4_21660.jpg,0,
515,vid_4_21680.jpg,0,
516,vid_4_21700.jpg,0,
517,vid_4_21720.jpg,0,
518,vid_4_21740.jpg,0,
519,vid_4_2180.jpg,1,"[{'id': 'vid_4_2180.jpg', 'x': 124.7651, 'y': 205.91481, 'conf': 0.9014530777931213}]"
520,vid_4_21800.jpg,0,
521,vid_4_21820.jpg,1,"[{'id': 'vid_4_21820.jpg', 'x': None, 'y': None, 'conf': None}]"
522,vid_4_21840.jpg,0,
523,vid_4_21860.jpg,0,
524,vid_4_21880.jpg,0,
525,vid_4_21900.jpg,0,
526,vid_4_21920.jpg,0,
527,vid_4_21940.jpg,0,
528,vid_4_21960.jpg,0,
529,vid_4_21980.jpg,0,
530,vid_4_2200.jpg,0,
531,vid_4_22000.jpg,0,
532,vid_4_22020.jpg,0,
533,vid_4_22040.jpg,0,
534,vid_4_22060.jpg,0,
535,vid_4_22080.jpg,0,
536,vid_4_22100.jpg,0,
537,vid_4_22120.jpg,0,
538,vid_4_22140.jpg,0,
539,vid_4_22160.jpg,0,
540,vid_4_22180.jpg,0,
541,vid_4_2220.jpg,0,
542,vid_4_22200.jpg,0,
543,vid_4_22220.jpg,1,"[{'id': 'vid_4_22220.jpg', 'x': 394.44464, 'y': 186.51787, 'conf': 0.7401213049888611}, {'id': 'vid_4_22220.jpg', 'x': 444.73242, 'y': 186.89455, 'conf': 0.49646711349487305}]"
544,vid_4_22240.jpg,0,
545,vid_4_22260.jpg,0,
546,vid_4_22280.jpg,1,"[{'id': 'vid_4_22280.jpg', 'x': None, 'y': None, 'conf': None}]"
547,vid_4_22300.jpg,0,
548,vid_4_22320.jpg,0,
549,vid_4_22340.jpg,0,
550,vid_4_22360.jpg,1,"[{'id': 'vid_4_22360.jpg', 'x': None, 'y': None, 'conf': None}]"
551,vid_4_22380.jpg,0,
552,vid_4_2240.jpg,0,
553,vid_4_22400.jpg,0,
554,vid_4_22420.jpg,0,
555,vid_4_22440.jpg,0,
556,vid_4_22460.jpg,0,
557,vid_4_22480.jpg,0,
558,vid_4_22500.jpg,0,
559,vid_4_22520.jpg,0,
560,vid_4_22540.jpg,0,
561,vid_4_22560.jpg,0,
562,vid_4_22580.jpg,0,
563,vid_4_2260.jpg,0,
564,vid_4_22600.jpg,0,
565,vid_4_22620.jpg,0,
566,vid_4_22640.jpg,0,
567,vid_4_22660.jpg,0,
568,vid_4_22680.jpg,0,
569,vid_4_22700.jpg,0,
570,vid_4_22720.jpg,0,
571,vid_4_22740.jpg,0,
572,vid_4_22760.jpg,0,
573,vid_4_22780.jpg,0,
574,vid_4_2280.jpg,1,"[{'id': 'vid_4_2280.jpg', 'x': None, 'y': None, 'conf': None}]"
575,vid_4_22800.jpg,0,
576,vid_4_22820.jpg,0,
577,vid_4_22840.jpg,0,
578,vid_4_22860.jpg,0,
579,vid_4_22880.jpg,0,
580,vid_4_22900.jpg,0,
581,vid_4_22920.jpg,0,
582,vid_4_22940.jpg,0,
583,vid_4_22960.jpg,0,
584,vid_4_22980.jpg,0,
585,vid_4_2300.jpg,0,
586,vid_4_23000.jpg,0,
587,vid_4_23020.jpg,0,
588,vid_4_23040.jpg,0,
589,vid_4_23060.jpg,0,
590,vid_4_23080.jpg,0,
591,vid_4_23100.jpg,1,"[{'id': 'vid_4_23100.jpg', 'x': None, 'y': None, 'conf': None}]"
592,vid_4_23120.jpg,0,
593,vid_4_23140.jpg,0,
594,vid_4_23160.jpg,0,
595,vid_4_23180.jpg,0,
596,vid_4_2320.jpg,0,
597,vid_4_23200.jpg,0,
598,vid_4_23220.jpg,0,
599,vid_4_23240.jpg,0,
600,vid_4_23260.jpg,0,
601,vid_4_23280.jpg,1,"[{'id': 'vid_4_23280.jpg', 'x': None, 'y': None, 'conf': None}]"
602,vid_4_23300.jpg,0,
603,vid_4_23320.jpg,0,
604,vid_4_23340.jpg,0,
605,vid_4_23360.jpg,0,
606,vid_4_23380.jpg,0,
607,vid_4_2340.jpg,0,
608,vid_4_23400.jpg,0,
609,vid_4_23420.jpg,0,
610,vid_4_23440.jpg,0,
611,vid_4_23460.jpg,1,"[{'id': 'vid_4_23460.jpg', 'x': 429.8178, 'y': 181.06767, 'conf': 0.29563426971435547}, {'id': 'vid_4_23460.jpg', 'x': 378.89273, 'y': 178.8092, 'conf': 0.2708926498889923}]"
612,vid_4_23480.jpg,0,
613,vid_4_23500.jpg,0,
614,vid_4_23520.jpg,0,
615,vid_4_23540.jpg,1,"[{'id': 'vid_4_23540.jpg', 'x': None, 'y': None, 'conf': None}]"
616,vid_4_23560.jpg,1,"[{'id': 'vid_4_23560.jpg', 'x': None, 'y': None, 'conf': None}]"
617,vid_4_23580.jpg,0,
618,vid_4_2360.jpg,0,
619,vid_4_23600.jpg,0,
620,vid_4_23620.jpg,0,
621,vid_4_23640.jpg,0,
622,vid_4_2380.jpg,0,
623,vid_4_2400.jpg,0,
624,vid_4_2420.jpg,0,
625,vid_4_2440.jpg,0,
626,vid_4_2460.jpg,0,
627,vid_4_24760.jpg,0,
628,vid_4_24780.jpg,0,
629,vid_4_2480.jpg,1,"[{'id': 'vid_4_2480.jpg', 'x': None, 'y': None, 'conf': None}]"
630,vid_4_24800.jpg,0,
631,vid_4_24820.jpg,0,
632,vid_4_24840.jpg,0,
633,vid_4_24860.jpg,0,
634,vid_4_24880.jpg,0,
635,vid_4_24900.jpg,0,
636,vid_4_24920.jpg,0,
637,vid_4_24940.jpg,1,"[{'id': 'vid_4_24940.jpg', 'x': None, 'y': None, 'conf': None}]"
638,vid_4_24960.jpg,0,
639,vid_4_2500.jpg,0,
640,vid_4_2520.jpg,0,
641,vid_4_2540.jpg,0,
642,vid_4_2560.jpg,0,
643,vid_4_25820.jpg,0,
644,vid_4_25840.jpg,0,
645,vid_4_25860.jpg,1,"[{'id': 'vid_4_25860.jpg', 'x': None, 'y': None, 'conf': None}]"
646,vid_4_25880.jpg,1,"[{'id': 'vid_4_25880.jpg', 'x': None, 'y': None, 'conf': None}]"
647,vid_4_25900.jpg,0,
648,vid_4_25920.jpg,0,
649,vid_4_25940.jpg,0,
650,vid_4_25960.jpg,0,
651,vid_4_25980.jpg,0,
652,vid_4_26000.jpg,0,
653,vid_4_26020.jpg,0,
654,vid_4_26040.jpg,0,
655,vid_4_26060.jpg,0,
656,vid_4_26080.jpg,0,
657,vid_4_26100.jpg,1,"[{'id': 'vid_4_26100.jpg', 'x': None, 'y': None, 'conf': None}]"
658,vid_4_26120.jpg,0,
659,vid_4_26140.jpg,0,
660,vid_4_26160.jpg,0,
661,vid_4_26180.jpg,0,
662,vid_4_26200.jpg,0,
663,vid_4_26220.jpg,1,"[{'id': 'vid_4_26220.jpg', 'x': 143.10396, 'y': 198.81305, 'conf': 0.2769003212451935}, {'id': 'vid_4_26220.jpg', 'x': 8.367609, 'y': 195.56883, 'conf': 0.25837716460227966}]"
664,vid_4_26240.jpg,0,
665,vid_4_26260.jpg,0,
666,vid_4_26280.jpg,0,
667,vid_4_26300.jpg,0,
668,vid_4_26320.jpg,0,
669,vid_4_26340.jpg,0,
670,vid_4_26360.jpg,0,
671,vid_4_26380.jpg,0,
672,vid_4_26400.jpg,0,
673,vid_4_26420.jpg,0,
674,vid_4_26440.jpg,0,
675,vid_4_26460.jpg,0,
676,vid_4_26480.jpg,0,
677,vid_4_26500.jpg,0,
678,vid_4_26520.jpg,0,
679,vid_4_26540.jpg,0,
680,vid_4_26560.jpg,0,
681,vid_4_26580.jpg,0,
682,vid_4_26600.jpg,1,"[{'id': 'vid_4_26600.jpg', 'x': None, 'y': None, 'conf': None}]"
683,vid_4_26620.jpg,0,
684,vid_4_26640.jpg,0,
685,vid_4_26660.jpg,0,
686,vid_4_26680.jpg,0,
687,vid_4_26700.jpg,0,
688,vid_4_26720.jpg,0,
689,vid_4_26740.jpg,1,"[{'id': 'vid_4_26740.jpg', 'x': None, 'y': None, 'conf': None}]"
690,vid_4_26760.jpg,0,
691,vid_4_26780.jpg,0,
692,vid_4_27040.jpg,0,
693,vid_4_27060.jpg,1,"[{'id': 'vid_4_27060.jpg', 'x': None, 'y': None, 'conf': None}]"
694,vid_4_27080.jpg,1,"[{'id': 'vid_4_27080.jpg', 'x': None, 'y': None, 'conf': None}]"
695,vid_4_27100.jpg,0,
696,vid_4_27120.jpg,0,
697,vid_4_27140.jpg,1,"[{'id': 'vid_4_27140.jpg', 'x': None, 'y': None, 'conf': None}]"
698,vid_4_27160.jpg,0,
699,vid_4_27180.jpg,0,
700,vid_4_27200.jpg,0,
701,vid_4_27220.jpg,0,
702,vid_4_27240.jpg,0,
703,vid_4_27260.jpg,0,
704,vid_4_27280.jpg,0,
705,vid_4_28200.jpg,0,
706,vid_4_28220.jpg,0,
707,vid_4_28240.jpg,0,
708,vid_4_28260.jpg,0,
709,vid_4_28280.jpg,0,
710,vid_4_28300.jpg,0,
711,vid_4_28320.jpg,0,
712,vid_4_28340.jpg,0,
713,vid_4_28360.jpg,0,
714,vid_4_28380.jpg,0,
715,vid_4_28400.jpg,0,
716,vid_4_28420.jpg,0,
717,vid_4_28440.jpg,1,"[{'id': 'vid_4_28440.jpg', 'x': 650.89844, 'y': 184.21037, 'conf': 0.7848929762840271}, {'id': 'vid_4_28440.jpg', 'x': 609.26636, 'y': 182.44672, 'conf': 0.6068078875541687}]"
718,vid_4_28820.jpg,0,
719,vid_4_28840.jpg,0,
720,vid_4_28860.jpg,0,
721,vid_4_28880.jpg,0,
722,vid_4_29280.jpg,0,
723,vid_4_29300.jpg,0,
724,vid_4_29320.jpg,0,
725,vid_4_29340.jpg,0,
726,vid_4_29360.jpg,0,
727,vid_4_29380.jpg,0,
728,vid_4_29400.jpg,0,
729,vid_4_29420.jpg,0,
730,vid_4_29440.jpg,0,
731,vid_4_29460.jpg,0,
732,vid_4_29480.jpg,0,
733,vid_4_29500.jpg,0,
734,vid_4_29520.jpg,0,
735,vid_4_29540.jpg,0,
736,vid_4_29560.jpg,0,
737,vid_4_29580.jpg,0,
738,vid_4_29600.jpg,1,"[{'id': 'vid_4_29600.jpg', 'x': None, 'y': None, 'conf': None}]"
739,vid_4_29620.jpg,0,
740,vid_4_29640.jpg,0,
741,vid_4_29660.jpg,0,
742,vid_4_29680.jpg,0,
743,vid_4_29700.jpg,0,
744,vid_4_29720.jpg,0,
745,vid_4_29740.jpg,0,
746,vid_4_29760.jpg,0,
747,vid_4_29880.jpg,0,
748,vid_4_29900.jpg,0,
749,vid_4_29920.jpg,0,
750,vid_4_29940.jpg,0,
751,vid_4_29960.jpg,0,
752,vid_4_29980.jpg,0,
753,vid_4_30000.jpg,0,
754,vid_4_30020.jpg,0,
755,vid_4_30440.jpg,0,
756,vid_4_3120.jpg,0,
757,vid_4_3140.jpg,0,
758,vid_4_3160.jpg,0,
759,vid_4_3180.jpg,0,
760,vid_4_3200.jpg,0,
761,vid_4_3220.jpg,0,
762,vid_4_3240.jpg,1,"[{'id': 'vid_4_3240.jpg', 'x': 167.91618, 'y': 204.06076, 'conf': 0.6387877464294434}]"
763,vid_4_3260.jpg,0,
764,vid_4_3280.jpg,1,"[{'id': 'vid_4_3280.jpg', 'x': None, 'y': None, 'conf': None}]"
765,vid_4_3300.jpg,0,
766,vid_4_3320.jpg,0,
767,vid_4_3340.jpg,0,
768,vid_4_3360.jpg,0,
769,vid_4_3380.jpg,0,
770,vid_4_3400.jpg,0,
771,vid_4_3420.jpg,0,
772,vid_4_3440.jpg,0,
773,vid_4_3460.jpg,0,
774,vid_4_3480.jpg,0,
775,vid_4_3500.jpg,0,
776,vid_4_3520.jpg,0,
777,vid_4_3540.jpg,0,
778,vid_4_3560.jpg,0,
779,vid_4_3580.jpg,0,
780,vid_4_3600.jpg,0,
781,vid_4_3620.jpg,0,
782,vid_4_3640.jpg,0,
783,vid_4_3660.jpg,0,
784,vid_4_3680.jpg,0,
785,vid_4_3700.jpg,0,
786,vid_4_3720.jpg,0,
787,vid_4_3740.jpg,0,
788,vid_4_3760.jpg,0,
789,vid_4_3780.jpg,1,"[{'id': 'vid_4_3780.jpg', 'x': None, 'y': None, 'conf': None}]"
790,vid_4_3800.jpg,0,
791,vid_4_3820.jpg,0,
792,vid_4_3840.jpg,0,
793,vid_4_3860.jpg,0,
794,vid_4_3880.jpg,0,
795,vid_4_3900.jpg,0,
796,vid_4_3920.jpg,0,
797,vid_4_3940.jpg,0,
798,vid_4_3960.jpg,0,
799,vid_4_3980.jpg,0,
800,vid_4_4000.jpg,0,
801,vid_4_4020.jpg,0,
802,vid_4_4040.jpg,0,
803,vid_4_4060.jpg,0,
804,vid_4_4080.jpg,0,
805,vid_4_4100.jpg,0,
806,vid_4_4120.jpg,0,
807,vid_4_4140.jpg,0,
808,vid_4_4160.jpg,0,
809,vid_4_4180.jpg,0,
810,vid_4_4380.jpg,0,
811,vid_4_4400.jpg,0,
812,vid_4_4420.jpg,0,
813,vid_4_4520.jpg,0,
814,vid_4_4540.jpg,0,
815,vid_4_4560.jpg,0,
816,vid_4_4580.jpg,0,
817,vid_4_4600.jpg,0,
818,vid_4_4620.jpg,0,
819,vid_4_4640.jpg,1,"[{'id': 'vid_4_4640.jpg', 'x': None, 'y': None, 'conf': None}]"
820,vid_4_5640.jpg,0,
821,vid_4_5660.jpg,0,
822,vid_4_5680.jpg,0,
823,vid_4_5700.jpg,0,
824,vid_4_5720.jpg,0,
825,vid_4_5740.jpg,0,
826,vid_4_5760.jpg,1,"[{'id': 'vid_4_5760.jpg', 'x': None, 'y': None, 'conf': None}]"
827,vid_4_5780.jpg,0,
828,vid_4_5800.jpg,1,"[{'id': 'vid_4_5800.jpg', 'x': None, 'y': None, 'conf': None}]"
829,vid_4_5820.jpg,0,
830,vid_4_5840.jpg,0,
831,vid_4_5860.jpg,0,
832,vid_4_5880.jpg,0,
833,vid_4_5900.jpg,0,
834,vid_4_5920.jpg,0,
835,vid_4_600.jpg,0,
836,vid_4_6080.jpg,0,
837,vid_4_6100.jpg,0,
838,vid_4_6120.jpg,0,
839,vid_4_6140.jpg,0,
840,vid_4_6160.jpg,0,
841,vid_4_6180.jpg,0,
842,vid_4_620.jpg,0,
843,vid_4_6200.jpg,0,
844,vid_4_6220.jpg,0,
845,vid_4_6240.jpg,0,
846,vid_4_6260.jpg,0,
847,vid_4_6280.jpg,0,
848,vid_4_6300.jpg,0,
849,vid_4_6320.jpg,0,
850,vid_4_6340.jpg,0,
851,vid_4_6360.jpg,0,
852,vid_4_6380.jpg,0,
853,vid_4_640.jpg,0,
854,vid_4_6400.jpg,0,
855,vid_4_6420.jpg,0,
856,vid_4_6440.jpg,0,
857,vid_4_6460.jpg,0,
858,vid_4_6480.jpg,1,"[{'id': 'vid_4_6480.jpg', 'x': 199.89444, 'y': 196.51262, 'conf': 0.8783555030822754}, {'id': 'vid_4_6480.jpg', 'x': 17.470078, 'y': 204.87688, 'conf': 0.8491640686988831}]"
859,vid_4_6500.jpg,1,"[{'id': 'vid_4_6500.jpg', 'x': 65.967545, 'y': 202.46007, 'conf': 0.8757891654968262}, {'id': 'vid_4_6500.jpg', 'x': 367.54605, 'y': 171.4496, 'conf': 0.35325953364372253}]"
860,vid_4_6520.jpg,0,
861,vid_4_6540.jpg,0,
862,vid_4_6560.jpg,0,
863,vid_4_6580.jpg,0,
864,vid_4_660.jpg,0,
865,vid_4_6600.jpg,0,
866,vid_4_6780.jpg,0,
867,vid_4_680.jpg,0,
868,vid_4_6800.jpg,0,
869,vid_4_6820.jpg,0,
870,vid_4_6880.jpg,0,
871,vid_4_6900.jpg,0,
872,vid_4_6920.jpg,0,
873,vid_4_6940.jpg,0,
874,vid_4_6960.jpg,0,
875,vid_4_6980.jpg,0,
876,vid_4_700.jpg,0,
877,vid_4_7000.jpg,0,
878,vid_4_7020.jpg,0,
879,vid_4_7040.jpg,0,
880,vid_4_7060.jpg,0,
881,vid_4_7080.jpg,0,
882,vid_4_7100.jpg,0,
883,vid_4_7120.jpg,0,
884,vid_4_7140.jpg,0,
885,vid_4_7160.jpg,0,
886,vid_4_7180.jpg,0,
887,vid_4_720.jpg,0,
888,vid_4_7200.jpg,0,
889,vid_4_7220.jpg,0,
890,vid_4_7240.jpg,0,
891,vid_4_7260.jpg,0,
892,vid_4_7280.jpg,0,
893,vid_4_7300.jpg,0,
894,vid_4_7320.jpg,0,
895,vid_4_7340.jpg,0,
896,vid_4_7360.jpg,0,
897,vid_4_7380.jpg,0,
898,vid_4_740.jpg,0,
899,vid_4_7400.jpg,0,
900,vid_4_7420.jpg,0,
901,vid_4_7440.jpg,0,
902,vid_4_7460.jpg,0,
903,vid_4_7480.jpg,0,
904,vid_4_7500.jpg,0,
905,vid_4_7520.jpg,1,"[{'id': 'vid_4_7520.jpg', 'x': None, 'y': None, 'conf': None}]"
906,vid_4_7540.jpg,0,
907,vid_4_7560.jpg,0,
908,vid_4_7580.jpg,1,"[{'id': 'vid_4_7580.jpg', 'x': None, 'y': None, 'conf': None}]"
909,vid_4_760.jpg,0,
910,vid_4_7600.jpg,0,
911,vid_4_7620.jpg,0,
912,vid_4_7640.jpg,0,
913,vid_4_7660.jpg,0,
914,vid_4_7680.jpg,0,
915,vid_4_7700.jpg,0,
916,vid_4_7720.jpg,1,"[{'id': 'vid_4_7720.jpg', 'x': None, 'y': None, 'conf': None}]"
917,vid_4_7740.jpg,0,
918,vid_4_7760.jpg,0,
919,vid_4_780.jpg,0,
920,vid_4_800.jpg,0,
921,vid_4_820.jpg,0,
922,vid_4_8220.jpg,0,
923,vid_4_8240.jpg,1,"[{'id': 'vid_4_8240.jpg', 'x': 453.91977, 'y': 188.77887, 'conf': 0.8965975642204285}]"
924,vid_4_8260.jpg,0,
925,vid_4_8280.jpg,0,
926,vid_4_8300.jpg,0,
927,vid_4_8320.jpg,0,
928,vid_4_8340.jpg,1,"[{'id': 'vid_4_8340.jpg', 'x': 0.027616644, 'y': 202.87689, 'conf': 0.7931497097015381}]"
929,vid_4_8560.jpg,0,
930,vid_4_8580.jpg,0,
931,vid_4_860.jpg,0,
932,vid_4_8600.jpg,1,"[{'id': 'vid_4_8600.jpg', 'x': 0.0, 'y': 199.66812, 'conf': 0.7495961785316467}]"
933,vid_4_8620.jpg,0,
934,vid_4_8640.jpg,0,
935,vid_4_8660.jpg,0,
936,vid_4_8680.jpg,0,
937,vid_4_8700.jpg,0,
938,vid_4_8720.jpg,0,
939,vid_4_8740.jpg,0,
940,vid_4_8760.jpg,0,
941,vid_4_8780.jpg,0,
942,vid_4_880.jpg,0,
943,vid_4_8800.jpg,0,
944,vid_4_8960.jpg,0,
945,vid_4_8980.jpg,0,
946,vid_4_900.jpg,0,
947,vid_4_9000.jpg,0,
948,vid_4_9020.jpg,0,
949,vid_4_9040.jpg,0,
950,vid_4_9060.jpg,1,"[{'id': 'vid_4_9060.jpg', 'x': 216.95319, 'y': 201.60587, 'conf': 0.8735681772232056}, {'id': 'vid_4_9060.jpg', 'x': 19.835857, 'y': 207.01807, 'conf': 0.6242117881774902}]"
951,vid_4_9080.jpg,0,
952,vid_4_9100.jpg,0,
953,vid_4_9120.jpg,0,
954,vid_4_9140.jpg,0,
955,vid_4_9160.jpg,0,
956,vid_4_9180.jpg,0,
957,vid_4_920.jpg,0,
958,vid_4_9200.jpg,0,
959,vid_4_9220.jpg,0,
960,vid_4_9240.jpg,0,
961,vid_4_9260.jpg,0,
962,vid_4_9280.jpg,0,
963,vid_4_9300.jpg,0,
964,vid_4_9320.jpg,0,
965,vid_4_9340.jpg,0,
966,vid_4_9360.jpg,0,
967,vid_4_9380.jpg,0,
968,vid_4_940.jpg,0,
969,vid_4_9400.jpg,0,
970,vid_4_9420.jpg,0,
971,vid_4_9440.jpg,0,
972,vid_4_9460.jpg,1,"[{'id': 'vid_4_9460.jpg', 'x': 0.0, 'y': 196.14566, 'conf': 0.7708962559700012}]"
973,vid_4_9480.jpg,1,"[{'id': 'vid_4_9480.jpg', 'x': None, 'y': None, 'conf': None}]"
974,vid_4_9500.jpg,0,
975,vid_4_9520.jpg,0,
976,vid_4_9540.jpg,0,
977,vid_4_9560.jpg,0,
978,vid_4_9580.jpg,0,
979,vid_4_960.jpg,0,
980,vid_4_9600.jpg,0,
981,vid_4_9620.jpg,0,
982,vid_4_9640.jpg,0,
983,vid_4_9660.jpg,0,
984,vid_4_9680.jpg,0,
985,vid_4_9700.jpg,1,"[{'id': 'vid_4_9700.jpg', 'x': 595.3209, 'y': 189.17041, 'conf': 0.6307334303855896}]"
986,vid_4_9720.jpg,0,
987,vid_4_9740.jpg,0,
988,vid_4_9760.jpg,0,
989,vid_4_9780.jpg,0,
990,vid_4_980.jpg,0,
991,vid_4_9800.jpg,1,"[{'id': 'vid_4_9800.jpg', 'x': 18.912283, 'y': 201.95143, 'conf': 0.8984197378158569}, {'id': 'vid_4_9800.jpg', 'x': 634.08215, 'y': 184.66982, 'conf': 0.7315800786018372}]"
992,vid_4_9820.jpg,0,
993,vid_4_9840.jpg,0,
994,vid_4_9860.jpg,0,
995,vid_4_9880.jpg,0,
996,vid_4_9900.jpg,0,
997,vid_4_9920.jpg,0,
998,vid_4_9940.jpg,0,
999,vid_4_9960.jpg,0,
1000,vid_4_9980.jpg,0,
1001,vid_5_25100.jpg,0,
1002,vid_5_25120.jpg,0,
1003,vid_5_25140.jpg,0,
1004,vid_5_25160.jpg,0,
1005,vid_5_25180.jpg,0,
1006,vid_5_25200.jpg,0,
1007,vid_5_25220.jpg,0,
1008,vid_5_25240.jpg,0,
1009,vid_5_25260.jpg,0,
1010,vid_5_26320.jpg,0,
1011,vid_5_26400.jpg,0,
1012,vid_5_26420.jpg,0,
1013,vid_5_26560.jpg,1,"[{'id': 'vid_5_26560.jpg', 'x': 611.0102, 'y': 185.73376, 'conf': 0.8072181940078735}]"
1014,vid_5_26580.jpg,0,
1015,vid_5_26600.jpg,0,
1016,vid_5_26620.jpg,0,
1017,vid_5_26640.jpg,0,
1018,vid_5_26660.jpg,0,
1019,vid_5_26680.jpg,0,
1020,vid_5_26700.jpg,0,
1021,vid_5_26720.jpg,0,
1022,vid_5_26740.jpg,0,
1023,vid_5_26760.jpg,0,
1024,vid_5_26780.jpg,0,
1025,vid_5_26800.jpg,0,
1026,vid_5_26820.jpg,0,
1027,vid_5_26840.jpg,0,
1028,vid_5_26860.jpg,0,
1029,vid_5_26880.jpg,0,
1030,vid_5_26900.jpg,0,
1031,vid_5_26920.jpg,0,
1032,vid_5_26940.jpg,0,
1033,vid_5_26960.jpg,0,
1034,vid_5_26980.jpg,1,"[{'id': 'vid_5_26980.jpg', 'x': None, 'y': None, 'conf': None}]"
1035,vid_5_27240.jpg,0,
1036,vid_5_27260.jpg,0,
1037,vid_5_27280.jpg,0,
1038,vid_5_27300.jpg,0,
1039,vid_5_27320.jpg,0,
1040,vid_5_27360.jpg,0,
1041,vid_5_27380.jpg,0,
1042,vid_5_27400.jpg,0,
1043,vid_5_27420.jpg,0,
1044,vid_5_27440.jpg,0,
1045,vid_5_27460.jpg,0,
1046,vid_5_27480.jpg,0,
1047,vid_5_27500.jpg,0,
1048,vid_5_27520.jpg,0,
1049,vid_5_27540.jpg,0,
1050,vid_5_27560.jpg,0,
1051,vid_5_27580.jpg,0,
1052,vid_5_27600.jpg,0,
1053,vid_5_27620.jpg,0,
1054,vid_5_27640.jpg,1,"[{'id': 'vid_5_27640.jpg', 'x': 0.025900172, 'y': 190.94168, 'conf': 0.8609882593154907}]"
1055,vid_5_27660.jpg,0,
1056,vid_5_27680.jpg,1,"[{'id': 'vid_5_27680.jpg', 'x': None, 'y': None, 'conf': None}]"
1057,vid_5_27700.jpg,0,
1058,vid_5_27720.jpg,0,
1059,vid_5_27740.jpg,0,
1060,vid_5_27760.jpg,0,
1061,vid_5_27780.jpg,0,
1062,vid_5_27800.jpg,0,
1063,vid_5_27820.jpg,0,
1064,vid_5_27840.jpg,1,"[{'id': 'vid_5_27840.jpg', 'x': 460.66193, 'y': 177.26581, 'conf': 0.8627234101295471}]"
1065,vid_5_27860.jpg,1,"[{'id': 'vid_5_27860.jpg', 'x': 215.28995, 'y': 185.49873, 'conf': 0.8725006580352783}]"
1066,vid_5_27880.jpg,0,
1067,vid_5_27900.jpg,0,
1068,vid_5_27920.jpg,0,
1069,vid_5_27940.jpg,0,
1070,vid_5_27960.jpg,0,
1071,vid_5_27980.jpg,0,
1072,vid_5_28000.jpg,0,
1073,vid_5_28020.jpg,0,
1074,vid_5_28040.jpg,0,
1075,vid_5_28060.jpg,1,"[{'id': 'vid_5_28060.jpg', 'x': None, 'y': None, 'conf': None}]"
1076,vid_5_28080.jpg,0,
1077,vid_5_28180.jpg,0,
1078,vid_5_28260.jpg,0,
1079,vid_5_28320.jpg,0,
1080,vid_5_28340.jpg,0,
1081,vid_5_28360.jpg,0,
1082,vid_5_28380.jpg,0,
1083,vid_5_28420.jpg,0,
1084,vid_5_28440.jpg,0,
1085,vid_5_28460.jpg,0,
1086,vid_5_28480.jpg,0,
1087,vid_5_28500.jpg,0,
1088,vid_5_28520.jpg,0,
1089,vid_5_28540.jpg,0,
1090,vid_5_28560.jpg,0,
1091,vid_5_28580.jpg,0,
1092,vid_5_28600.jpg,0,
1093,vid_5_28620.jpg,0,
1094,vid_5_28640.jpg,0,
1095,vid_5_28660.jpg,0,
1096,vid_5_28680.jpg,0,
1097,vid_5_28700.jpg,0,
1098,vid_5_29000.jpg,0,
1099,vid_5_29020.jpg,0,
1100,vid_5_29040.jpg,0,
1101,vid_5_29060.jpg,0,
1102,vid_5_29080.jpg,0,
1103,vid_5_29100.jpg,0,
1104,vid_5_29400.jpg,0,
1105,vid_5_29420.jpg,0,
1106,vid_5_29440.jpg,0,
1107,vid_5_29460.jpg,0,
1108,vid_5_29480.jpg,1,"[{'id': 'vid_5_29480.jpg', 'x': 84.30971, 'y': 203.48485, 'conf': 0.9190474152565002}]"
1109,vid_5_29500.jpg,0,
1110,vid_5_29520.jpg,0,
1111,vid_5_29540.jpg,0,
1112,vid_5_29560.jpg,0,
1113,vid_5_29580.jpg,0,
1114,vid_5_29600.jpg,0,
1115,vid_5_29620.jpg,0,
1116,vid_5_29640.jpg,0,
1117,vid_5_29720.jpg,0,
1118,vid_5_29740.jpg,0,
1119,vid_5_29760.jpg,0,
1120,vid_5_29820.jpg,0,
1121,vid_5_29840.jpg,1,"[{'id': 'vid_5_29840.jpg', 'x': 0.08997369, 'y': 200.57347, 'conf': 0.8022317290306091}]"
1122,vid_5_29860.jpg,0,
1123,vid_5_29880.jpg,0,
1124,vid_5_29900.jpg,0,
1125,vid_5_29980.jpg,1,"[{'id': 'vid_5_29980.jpg', 'x': None, 'y': None, 'conf': None}]"
1126,vid_5_30000.jpg,0,
1127,vid_5_30020.jpg,1,"[{'id': 'vid_5_30020.jpg', 'x': None, 'y': None, 'conf': None}]"
1128,vid_5_30040.jpg,1,"[{'id': 'vid_5_30040.jpg', 'x': None, 'y': None, 'conf': None}]"
1129,vid_5_30120.jpg,0,
1130,vid_5_30140.jpg,0,
1131,vid_5_30160.jpg,0,
1132,vid_5_30180.jpg,0,
1133,vid_5_30640.jpg,0,
1134,vid_5_30660.jpg,0,
1135,vid_5_30680.jpg,0,
1136,vid_5_30700.jpg,0,
1137,vid_5_30720.jpg,1,"[{'id': 'vid_5_30720.jpg', 'x': None, 'y': None, 'conf': None}]"
1138,vid_5_30740.jpg,0,
1139,vid_5_30760.jpg,0,
1140,vid_5_30820.jpg,0,
1141,vid_5_30840.jpg,0,
1142,vid_5_30860.jpg,0,
1143,vid_5_30920.jpg,0,
1144,vid_5_30940.jpg,0,
1145,vid_5_31020.jpg,0,
1146,vid_5_31040.jpg,0,
1147,vid_5_31060.jpg,0,
1148,vid_5_31080.jpg,0,
1149,vid_5_31100.jpg,0,
1150,vid_5_31120.jpg,0,
1151,vid_5_31140.jpg,0,
1152,vid_5_31160.jpg,0,
1153,vid_5_31180.jpg,0,
1154,vid_5_31200.jpg,1,"[{'id': 'vid_5_31200.jpg', 'x': None, 'y': None, 'conf': None}]"
1155,vid_5_31260.jpg,0,
1156,vid_5_31280.jpg,0,
1157,vid_5_31300.jpg,0,
1158,vid_5_31360.jpg,0,
1159,vid_5_31380.jpg,0,
1160,vid_5_31400.jpg,0,
1161,vid_5_31420.jpg,0,
1162,vid_5_31480.jpg,0,
1163,vid_5_31500.jpg,1,"[{'id': 'vid_5_31500.jpg', 'x': None, 'y': None, 'conf': None}]"
1164,vid_5_31520.jpg,0,
1165,vid_5_31560.jpg,0,
1166,vid_5_31600.jpg,0,
1167,vid_5_31620.jpg,0,
1168,vid_5_31640.jpg,0,
1169,vid_5_31660.jpg,1,"[{'id': 'vid_5_31660.jpg', 'x': None, 'y': None, 'conf': None}]"
1170,vid_5_31680.jpg,0,
1171,vid_5_31700.jpg,0,
1172,vid_5_31720.jpg,0,
1173,vid_5_400.jpg,0,
1174,vid_5_420.jpg,0,
1175,vid_5_440.jpg,0,
